Implementation,N=256,N=512,N=1024,N=2048,N=4096
CPU,0.021160,0.314571,3.503723,75.699278,Timeout
Naive GPU,0.000264,0.000592,0.004152,0.032821,0.262257
Optimized,0.000146,0.000342,0.002369,0.018067,0.194119
cuBLAS,0.052196,0.006267,0.006413,0.008388,0.037842
