Implementation,N=256,N=512,N=1024,N=2048,N=4096
CPU,0.019891,0.224031,3.280722,88.443179,Timeout
Naïve GPU,0.008071,0.007691,0.007581,0.007705,0.010922
Optimized,0.011163,0.011361,0.010567,0.010849,0.007325
cuBLAS,0.014966,0.005545,0.006221,0.011343,0.052835
